md5,Note
008f2fe191618133a68f1ac190dc6044,Sample 1
187f54c7371ffc2b31a082f8b6ce8682,Sample 2
31afabdb5e9560e014b14ea8ec1f3635,Sample 3
3978831ad0f9b61b4e8fbbff21b2e365,Sample 4
3bf63a28d9444f495037f2f013bb735a,Sample 5
501a7993d267174d87b8533c3a80dd7b,Sample 6
5fe59fc57869508e1c84812dbd36ce3b,Sample 7
65b14e1803c1490547ed02a7d7ff8f5f,Sample 8
6f0ffb002e147eb9bfa2784fef540e88,Sample 9
8794862f41f810cb1aa841ecac4e6fea,Sample 10
87b98e8837e450291e6b572d100dcf08,Sample 11
96aecdf6426711667657c05ec6d6ee75,Sample 12
98b2c7d0dde704c7e3a8976d7ac9c95e,Sample 13
9da1db4d8f373629d045c7371d2ed8ae,Sample 14
b629e4fbccc7208660aeda0a77b13090,Sample 15
d0278fa8947ed54a112893f71917f46a,Sample 16
d7f36e68406c78581db782b13f6dc1a5,Sample 17
fcb1f48fd4c2b0932fc43bfc55c387a9,Sample 18
